{"components/products/tabs":"<ul class=\"tabs\" data-tab role=\"tablist\">\n    {{#if product.related_products}}\n        <li class=\"tab is-active\" role=\"presentational\">\n            <a class=\"tab-title\" href=\"#tab-related\" role=\"tab\" tabindex=\"0\" aria-selected=\"true\" controls=\"tab-related\">{{lang 'products.related_products'}}</a>\n        </li>\n    {{/if}}\n    {{#if product.similar_by_views}}\n        <li class=\"tab{{#unless product.related_products}} is-active{{/unless}}\" role=\"presentational\">\n            <a class=\"tab-title\" href=\"#tab-similar\" role=\"tab\" tabindex=\"0\" aria-selected=\"false\" controls=\"tab-similar\">{{lang 'products.similar_by_views'}}</a>\n        </li>\n    {{/if}}\n</ul>\n\n<div class=\"tabs-contents\">\n{{#if product.related_products}}\n    <div role=\"tabpanel\" aria-hidden=\"false\" class=\"tab-content has-jsContent is-active\" id=\"tab-related\">\n        {{> components/products/carousel products=product.related_products columns=6}}\n    </div>\n{{/if}}\n\n{{#if product.similar_by_views}}\n    <div role=\"tabpanel\" aria-hidden=\"true\" class=\"tab-content has-jsContent{{#unless product.related_products}} is-active{{/unless}}\" id=\"tab-similar\">\n        {{> components/products/carousel products=product.similar_by_views columns=6}}\n    </div>\n{{/if}}\n</div>\n","components/products/carousel":"<section class=\"productCarousel\"\n    data-slick='{\n        \"dots\": true,\n        \"infinite\": false,\n        \"mobileFirst\": true,\n        \"slidesToShow\": 2,\n        \"slidesToScroll\": 2,\n        \"responsive\": [\n            {\n                \"breakpoint\": 1260,\n                \"settings\": {\n                    \"slidesToScroll\": 3,\n                    \"slidesToShow\": {{ columns }}\n                }\n            },\n            {\n                \"breakpoint\": 800,\n                \"settings\": {\n                    \"slidesToScroll\": 3,\n                    \"slidesToShow\": 5\n                }\n            },\n            {\n                \"breakpoint\": 550,\n                \"settings\": {\n                    \"slidesToScroll\": 3,\n                    \"slidesToShow\": 3\n                }\n            }\n        ]\n    }'\n>\n    {{#each products}}\n    <div class=\"productCarousel-slide\">\n        {{> components/products/card theme_settings=../theme_settings}}\n    </div>\n    {{/each}}\n</section>\n","components/products/card":"<article class=\"card {{#if alternate}}card--alternate{{/if}}\">\n    <figure class=\"card-figure\">\n        <a href=\"{{url}}\">\n            <img class=\"card-image\" src=\"{{getImage image 'product' (cdn theme_settings.default_image_product)}}\" alt=\"{{image.alt}}\">\n        </a>\n        <figcaption class=\"card-figcaption\">\n            <div class=\"card-figcaption-body\">\n                {{#unless hide_product_quick_view}}\n                    {{#if theme_settings.show_product_quick_view}}\n                        <a href=\"#\" class=\"button button--small card-figcaption-button quickview\" data-product-id=\"{{id}}\">{{lang 'products.quick_view'}}</a>\n                    {{/if}}\n                {{/unless}}\n                {{#if show_compare}}\n                    <label class=\"button button--small card-figcaption-button\" for=\"compare-{{id}}\">\n                        {{lang 'products.compare'}} <input type=\"checkbox\" name=\"products[]\" value=\"{{id}}\" id=\"compare-{{id}}\" data-compare-id=\"{{id}}\">\n                    </label>\n                {{/if}}\n                {{#if show_cart_action}}\n                    {{#if has_options}}\n                        <a href=\"{{url}}\" class=\"button button--small card-figcaption-button\" data-product-id=\"{{id}}\">{{lang 'products.choose_options'}}</a>\n                    {{/if}}\n                    {{#if pre_order}}\n                        <a href=\"{{url}}\" class=\"button button--small card-figcaption-button\">{{lang 'products.pre_order'}}</a>\n                    {{/if}}\n                    {{#if add_to_cart_url }}\n                        <a href=\"{{add_to_cart_url}}\" class=\"button button--small card-figcaption-button\">{{lang 'products.add_to_cart'}}</a>\n                    {{/if}}\n                    {{#if out_of_stock_message }}\n                        <a href=\"{{url}}\" class=\"button button--small card-figcaption-button\" data-product-id=\"{{id}}\">{{out_of_stock_message}}</a>\n                    {{/if}}\n                {{/if}}\n            </div>\n        </figcaption>\n    </figure>\n    <div class=\"card-body\">\n        {{#if show_rating}}\n            <p class=\"card-text\" data-test-info-type=\"productRating\">\n                <span class=\"rating--small\">\n                    {{> components/products/ratings rating=rating}}\n                </span>\n            </p>\n        {{/if}}\n        {{#if brand.name}}\n            <p class=\"card-text\" data-test-info-type=\"brandName\">{{brand.name}}</p>\n        {{/if}}\n        <h4 class=\"card-title\">\n            <a href=\"{{url}}\">{{name}}</a>\n        </h4>\n        <div class=\"card-text\" data-test-info-type=\"price\">\n            {{> components/products/price price=price}}\n        </div>\n    </div>\n</article>\n","components/products/ratings":"{{#for 1 5}}\n    {{#if ../this.rating '>=' $index}}\n        <span class=\"icon icon--ratingFull\">\n            <svg>\n                <use xlink:href=\"#icon-star\" />\n            </svg>\n        </span>\n    {{else}}\n        <span class=\"icon icon--ratingEmpty\">\n            <svg>\n                <use xlink:href=\"#icon-star\" />\n            </svg>\n        </span>\n    {{/if}}\n{{/for}}\n{{{snippet 'product_rating'}}}\n","components/products/price":"{{#if price.with_tax}}\n    <div class=\"price-section price-section--withTax\" {{#if schema_org}}itemprop=\"offers\" itemscope itemtype=\"http://schema.org/Offer\"{{/if}}>\n        {{#if price.rrp_with_tax}}\n            <span data-product-rrp-with-tax class=\"price price--rrp\">{{price.rrp_with_tax.formatted}}</span>\n        {{/if}}\n        <span data-product-price-with-tax class=\"price\">{{price.with_tax.formatted}}</span>\n        {{#if price.without_tax}}\n            {{lang 'products.price_with_tax' tax_label=price.tax_label}}\n        {{/if}}\n    </div>\n{{/if}}\n\n{{#if price.without_tax}}\n    <div class=\"price-section price-section--withoutTax {{#if price.with_tax}}price-section--minor{{/if}}\"  {{#if schema_org}}itemprop=\"offers\" itemscope itemtype=\"http://schema.org/Offer\"{{/if}}>\n        {{#if price.rrp_without_tax}}\n            <span data-product-rrp-without-tax class=\"price price--rrp\">{{price.rrp_without_tax.formatted}}</span>\n        {{/if}}\n        {{#if schema_org}}\n            <meta itemprop=\"price\" content=\"{{price.without_tax.value}}\">\n            <meta itemprop=\"priceCurrency\" content=\"{{currency_selector.active_currency_code}}\">\n        {{/if}}\n        <span data-product-price-without-tax class=\"price price--withoutTax\">Price {{price.without_tax.formatted}}</span>\n        {{#if price.with_tax}}\n            <abbr title=\"{{lang 'products.excluding_tax'}}\">{{lang 'products.price_without_tax' tax_label=price.tax_label}}</abbr>\n        {{/if}}\n    </div>\n{{/if}}\n\n{{#if page_type '===' 'product'}}\n    {{#if price.saved}}\n        <div class=\"price-section price-section--saving\">\n            <span class=\"price\">\n                {{lang 'products.you_save' amount=price.saved.formatted}}\n            </span>\n        </div>\n    {{/if}}\n{{/if}}\n"}